{"cameraMode":{"drawMode":0,"name":"Shaded","section":"Shading Mode"},"sceneLighting":false,"audioPlay":false,"sceneViewState":{"showFog":true,"showMaterialUpdate":false,"showSkybox":false,"showFlares":true,"showImageEffects":true,"showParticleSystems":true,"showVisualEffectGraphs":true,"m_FxEnabled":true},"in2DMode":false,"pivot":{"x":0.8199999332427979,"y":18.450000762939454,"z":2.299999952316284},"rotation":{"x":0.13900579512119294,"y":0.03539581969380379,"z":-0.00432314770296216,"w":0.9898000955581665},"size":2.9042139053344728,"orthographic":false}