{"cameraMode":{"drawMode":0,"name":"Shaded","section":"Shading Mode"},"sceneLighting":true,"audioPlay":false,"sceneViewState":{"showFog":true,"showMaterialUpdate":false,"showSkybox":true,"showFlares":true,"showImageEffects":true,"showParticleSystems":true,"showVisualEffectGraphs":true,"m_FxEnabled":true},"in2DMode":false,"pivot":{"x":12.739089965820313,"y":7.8850603103637699,"z":-10.875015258789063},"rotation":{"x":0.007521012332290411,"y":-0.9334553480148315,"z":0.01960545778274536,"w":0.35808074474334719},"size":10.38385009765625,"orthographic":false}