{"cameraMode":{"drawMode":0,"name":"Shaded","section":"Shading Mode"},"sceneLighting":true,"audioPlay":false,"sceneViewState":{"showFog":true,"showMaterialUpdate":false,"showSkybox":true,"showFlares":true,"showImageEffects":true,"showParticleSystems":true,"showVisualEffectGraphs":true,"m_FxEnabled":true},"in2DMode":false,"pivot":{"x":2.41314697265625,"y":165.22015380859376,"z":135.17552185058595},"rotation":{"x":-0.006577803287655115,"y":-0.7079192399978638,"z":0.006588658783584833,"w":-0.7062355279922485},"size":392.6353759765625,"orthographic":true}