{"cameraMode":{"drawMode":0,"name":"Shaded","section":"Shading Mode"},"sceneLighting":true,"audioPlay":false,"sceneViewState":{"showFog":true,"showMaterialUpdate":false,"showSkybox":true,"showFlares":true,"showImageEffects":true,"showParticleSystems":true,"showVisualEffectGraphs":true,"m_FxEnabled":true},"in2DMode":false,"pivot":{"x":11.856073379516602,"y":-3.198820114135742,"z":-10.815969467163086},"rotation":{"x":0.014510085806250573,"y":-0.8871104121208191,"z":0.027953187003731729,"w":0.46048226952552798},"size":5.724074363708496,"orthographic":false}