{"cameraMode":{"drawMode":0,"name":"Shaded","section":"Shading Mode"},"sceneLighting":true,"audioPlay":false,"sceneViewState":{"showFog":true,"showMaterialUpdate":false,"showSkybox":true,"showFlares":true,"showImageEffects":true,"showParticleSystems":true,"showVisualEffectGraphs":true,"m_FxEnabled":true},"in2DMode":false,"pivot":{"x":10.23049545288086,"y":-4.037321090698242,"z":17.085119247436525},"rotation":{"x":-0.17296072840690614,"y":-0.05074092000722885,"z":0.008161560632288456,"w":-0.9837369918823242},"size":15.447040557861329,"orthographic":false}