{"cameraMode":{"drawMode":0,"name":"Shaded","section":"Shading Mode"},"sceneLighting":true,"audioPlay":false,"sceneViewState":{"showFog":true,"showMaterialUpdate":false,"showSkybox":true,"showFlares":true,"showImageEffects":true,"showParticleSystems":true,"showVisualEffectGraphs":true,"m_FxEnabled":true},"in2DMode":false,"pivot":{"x":11.616437911987305,"y":1.964782476425171,"z":17.173959732055665},"rotation":{"x":0.08517681807279587,"y":0.27863073348999026,"z":-0.024738097563385965,"w":0.9563473463058472},"size":1.2266212701797486,"orthographic":false}