{"cameraMode":{"drawMode":0,"name":"Shaded","section":"Shading Mode"},"sceneLighting":true,"audioPlay":false,"sceneViewState":{"showFog":true,"showMaterialUpdate":false,"showSkybox":true,"showFlares":true,"showImageEffects":true,"showParticleSystems":true,"showVisualEffectGraphs":true,"m_FxEnabled":true},"in2DMode":false,"pivot":{"x":-0.18757428228855134,"y":1.0249860286712647,"z":-0.21918518841266633},"rotation":{"x":0.017619827762246133,"y":-0.0892740860581398,"z":-0.0015855681849643589,"w":-0.9958766102790833},"size":1.226621150970459,"orthographic":false}