{"cameraMode":{"drawMode":0,"name":"Shaded","section":"Shading Mode"},"sceneLighting":true,"audioPlay":false,"sceneViewState":{"showFog":true,"showMaterialUpdate":false,"showSkybox":true,"showFlares":true,"showImageEffects":true,"showParticleSystems":true,"showVisualEffectGraphs":true,"m_FxEnabled":true},"in2DMode":false,"pivot":{"x":-0.6729958057403565,"y":1.1223467588424683,"z":0.2915136218070984},"rotation":{"x":0.12831293046474458,"y":-0.6927667260169983,"z":0.12740013003349305,"w":0.6981968879699707},"size":1.2266212701797486,"orthographic":false}