{"cameraMode":{"drawMode":0,"name":"Shaded","section":"Shading Mode"},"sceneLighting":true,"audioPlay":false,"sceneViewState":{"showFog":true,"showMaterialUpdate":false,"showSkybox":true,"showFlares":true,"showImageEffects":true,"showParticleSystems":true,"showVisualEffectGraphs":true,"m_FxEnabled":true},"in2DMode":false,"pivot":{"x":474.1926574707031,"y":25.462814331054689,"z":463.68157958984377},"rotation":{"x":-0.036055777221918109,"y":0.11607339978218079,"z":-0.004216693341732025,"w":-0.9925779104232788},"size":15.212846755981446,"orthographic":false}