{"cameraMode":{"drawMode":0,"name":"Shaded","section":"Shading Mode"},"sceneLighting":true,"audioPlay":false,"sceneViewState":{"showFog":true,"showMaterialUpdate":false,"showSkybox":true,"showFlares":true,"showImageEffects":true,"showParticleSystems":true,"showVisualEffectGraphs":true,"m_FxEnabled":true},"in2DMode":false,"pivot":{"x":0.08857592940330506,"y":1.0752464532852173,"z":0.23847419023513795},"rotation":{"x":-0.0583515465259552,"y":0.9412975907325745,"z":-0.22139154374599458,"w":-0.248091459274292},"size":0.22592121362686158,"orthographic":false}