{"cameraMode":{"drawMode":0,"name":"Shaded","section":"Shading Mode"},"sceneLighting":true,"audioPlay":false,"sceneViewState":{"showFog":true,"showMaterialUpdate":false,"showSkybox":true,"showFlares":true,"showImageEffects":true,"showParticleSystems":true,"showVisualEffectGraphs":true,"m_FxEnabled":true},"in2DMode":false,"pivot":{"x":0.8478198051452637,"y":18.560331344604493,"z":1.7793357372283936},"rotation":{"x":0.12701033055782319,"y":0.49578070640563967,"z":-0.07356607168912888,"w":0.8559547066688538},"size":2.1122491359710695,"orthographic":false}