{"cameraMode":{"drawMode":0,"name":"Shaded","section":"Shading Mode"},"sceneLighting":true,"audioPlay":false,"sceneViewState":{"showFog":true,"showMaterialUpdate":false,"showSkybox":true,"showFlares":true,"showImageEffects":true,"showParticleSystems":true,"showVisualEffectGraphs":true,"m_FxEnabled":true},"in2DMode":false,"pivot":{"x":15.169304847717286,"y":0.8515669703483582,"z":6.936400413513184},"rotation":{"x":0.0056203329004347328,"y":0.1633652299642563,"z":0.0009020888828672469,"w":-0.986594557762146},"size":0.90739506483078,"orthographic":false}