{"cameraMode":{"drawMode":0,"name":"Shaded","section":"Shading Mode"},"sceneLighting":true,"audioPlay":false,"sceneViewState":{"showFog":true,"showMaterialUpdate":false,"showSkybox":true,"showFlares":true,"showImageEffects":true,"showParticleSystems":true,"showVisualEffectGraphs":true,"m_FxEnabled":true},"in2DMode":false,"pivot":{"x":-154.23155212402345,"y":-293.64923095703127,"z":-317.3313293457031},"rotation":{"x":0.05723586305975914,"y":0.9373614192008972,"z":-0.28934213519096377,"w":0.18542791903018952},"size":1038.8924560546875,"orthographic":false}