{"cameraMode":{"drawMode":0,"name":"Shaded","section":"Shading Mode"},"sceneLighting":false,"audioPlay":false,"sceneViewState":{"showFog":true,"showMaterialUpdate":false,"showSkybox":false,"showFlares":true,"showImageEffects":true,"showParticleSystems":true,"showVisualEffectGraphs":true,"m_FxEnabled":true},"in2DMode":false,"pivot":{"x":0.4467126131057739,"y":18.897611618041993,"z":-0.07589507102966309},"rotation":{"x":0.05819853022694588,"y":0.9130430817604065,"z":-0.1392756849527359,"w":0.3792881667613983},"size":1.5454082489013672,"orthographic":false}