{"cameraMode":{"drawMode":0,"name":"Shaded","section":"Shading Mode"},"sceneLighting":false,"audioPlay":false,"sceneViewState":{"showFog":true,"showMaterialUpdate":false,"showSkybox":false,"showFlares":true,"showImageEffects":true,"showParticleSystems":true,"showVisualEffectGraphs":true,"m_FxEnabled":true},"in2DMode":false,"pivot":{"x":0.35732442140579226,"y":18.600236892700197,"z":-0.44563889503479006},"rotation":{"x":0.008019284345209599,"y":0.9840783476829529,"z":-0.17296546697616578,"w":0.04353120177984238},"size":1.2122492790222169,"orthographic":false}